"RN","CLIENTE","CD_ALOCACAO","DATA_HORA_VAZAO","TURNO","DATA_SAIDA_CAMINHAO","DATA_CHEGADA_CAMINHAO","DESCRICAO_TIPO_CARGA","PESO_PADRAO","DISTANCIA","VAZAO_FRENTE"
1,CERRADINHO,630849,2024-10-05 01:05:00.000,NOITE,2024-10-05 01:06:10.000,2024-10-05 02:06:01.000,TRITREM PROPRIO,90,9.38,
1,CERRADINHO,630857,2024-10-05 01:33:00.000,NOITE,2024-10-05 01:33:45.000,2024-10-05 02:46:22.000,TRITREM PROPRIO,90,9.38,
1,CERRADINHO,630845,2024-10-05 00:25:00.000,NOITE,2024-10-05 00:25:53.000,2024-10-05 02:57:01.000,RODOTREM PROPRIO,60,32.65,196.54
1,CERRADINHO,630841,2024-10-05 00:07:00.000,NOITE,2024-10-05 00:08:35.000,2024-10-05 03:00:19.000,RODOTREM TERCEIRO,60,23.53,213.17
1,CERRADINHO,630844,2024-10-05 00:13:00.000,NOITE,2024-10-05 00:13:42.000,2024-10-05 03:02:52.000,RODOTREM PROPRIO,60,28.01,304.81
1,CERRADINHO,630842,2024-10-05 00:09:00.000,NOITE,2024-10-05 00:10:45.000,2024-10-05 03:04:58.000,RODOTREM PROPRIO,60,23.53,213.04
1,CERRADINHO,630838,2024-10-04 23:59:00.000,NOITE,2024-10-05 00:00:33.000,2024-10-05 03:10:31.000,TRITREM PROPRIO,90,32.65,195.33
1,CERRADINHO,630848,2024-10-05 00:47:00.000,NOITE,2024-10-05 00:47:32.000,2024-10-05 03:10:48.000,TRITREM PROPRIO,90,32.65,197.1
1,CERRADINHO,630854,2024-10-05 01:21:00.000,NOITE,2024-10-05 01:22:41.000,2024-10-05 03:16:17.000,RODOTREM PROPRIO,60,23.53,189.28
1,CERRADINHO,630864,2024-10-05 01:59:00.000,NOITE,2024-10-05 01:59:48.000,2024-10-05 03:18:13.000,RODOTREM PROPRIO,60,9.38,
1,CERRADINHO,630850,2024-10-05 01:09:00.000,NOITE,2024-10-05 01:09:51.000,2024-10-05 03:30:58.000,RODOTREM TERCEIRO,60,28.01,208.98
1,CERRADINHO,630839,2024-10-05 00:03:00.000,NOITE,2024-10-05 00:03:56.000,2024-10-05 03:32:07.000,RODOTREM PROPRIO,60,63.4,168.08
1,CERRADINHO,630853,2024-10-05 01:15:00.000,NOITE,2024-10-05 01:16:54.000,2024-10-05 03:46:34.000,TRITREM PROPRIO,90,32.65,198.05
1,CERRADINHO,630856,2024-10-05 01:31:00.000,NOITE,2024-10-05 01:31:38.000,2024-10-05 03:55:53.000,RODOTREM TERCEIRO,60,28.01,251.35
1,CERRADINHO,630840,2024-10-05 00:07:00.000,NOITE,2024-10-05 00:07:42.000,2024-10-05 03:56:29.000,RODOTREM PROPRIO,60,63.4,168.32
1,CERRADINHO,630861,2024-10-05 01:39:00.000,NOITE,2024-10-05 01:39:46.000,2024-10-05 03:58:46.000,RODOTREM PROPRIO,60,23.53,190.56
1,CERRADINHO,630858,2024-10-05 01:33:00.000,NOITE,2024-10-05 01:34:46.000,2024-10-05 04:03:47.000,TRITREM PROPRIO,90,32.65,249.79
1,CERRADINHO,630855,2024-10-05 01:25:00.000,NOITE,2024-10-05 01:25:48.000,2024-10-05 04:08:22.000,RODOTREM TERCEIRO,60,28.01,278.16
1,CERRADINHO,630873,2024-10-05 02:47:00.000,NOITE,2024-10-05 02:47:03.000,2024-10-05 04:17:47.000,RODOTREM PROPRIO,60,9.38,
1,CERRADINHO,630863,2024-10-05 01:53:00.000,NOITE,2024-10-05 01:54:35.000,2024-10-05 04:25:58.000,RODOTREM PROPRIO,60,32.65,251.58
1,CERRADINHO,630846,2024-10-05 00:29:00.000,NOITE,2024-10-05 00:29:55.000,2024-10-05 04:28:29.000,RODOTREM PROPRIO,60,63.4,131.68
1,CERRADINHO,630859,2024-10-05 01:35:00.000,NOITE,2024-10-05 01:36:09.000,2024-10-05 04:49:13.000,RODOTREM PROPRIO,60,28.01,251.42
1,CERRADINHO,630884,2024-10-05 03:45:00.000,NOITE,2024-10-05 03:45:34.000,2024-10-05 04:52:18.000,RODOTREM PROPRIO,60,9.38,
1,CERRADINHO,630865,2024-10-05 02:01:00.000,NOITE,2024-10-05 02:01:32.000,2024-10-05 04:56:04.000,RODOTREM PROPRIO,60,32.65,252.54
1,CERRADINHO,630843,2024-10-05 00:11:00.000,NOITE,2024-10-05 00:11:38.000,2024-10-05 05:00:02.000,RODOTREM PROPRIO,60,78.42,
1,CERRADINHO,630871,2024-10-05 02:41:00.000,NOITE,2024-10-05 02:41:57.000,2024-10-05 05:05:44.000,RODOTREM PROPRIO,60,23.53,168.25
1,CERRADINHO,630847,2024-10-05 00:43:00.000,NOITE,2024-10-05 00:44:42.000,2024-10-05 05:10:35.000,RODOTREM TERCEIRO,60,63.4,133.51
1,CERRADINHO,630862,2024-10-05 01:43:00.000,NOITE,2024-10-05 01:43:33.000,2024-10-05 05:15:37.000,RODOTREM PROPRIO,60,18.76,34.75
1,CERRADINHO,630890,2024-10-05 04:15:00.000,NOITE,2024-10-05 04:16:06.000,2024-10-05 05:17:13.000,RODOTREM PROPRIO,60,9.38,
1,CERRADINHO,630870,2024-10-05 02:33:00.000,NOITE,2024-10-05 02:34:46.000,2024-10-05 05:17:39.000,RODOTREM PROPRIO,60,28.01,197.15
1,CERRADINHO,630867,2024-10-05 02:11:00.000,NOITE,2024-10-05 02:11:37.000,2024-10-05 05:20:02.000,RODOTREM PROPRIO,60,32.65,239.65
1,CERRADINHO,630866,2024-10-05 02:07:00.000,NOITE,2024-10-05 02:07:39.000,2024-10-05 05:30:00.000,RODOTREM PROPRIO,60,23.53,190.8
1,CERRADINHO,630852,2024-10-05 01:15:00.000,NOITE,2024-10-05 01:15:33.000,2024-10-05 05:36:20.000,RODOTREM PROPRIO,60,45.77,
1,CERRADINHO,630851,2024-10-05 01:11:00.000,NOITE,2024-10-05 01:11:45.000,2024-10-05 05:36:58.000,RODOTREM PROPRIO,60,78.42,
1,CERRADINHO,630860,2024-10-05 01:37:00.000,NOITE,2024-10-05 01:38:05.000,2024-10-05 05:46:19.000,RODOTREM TERCEIRO,60,63.4,95.65
1,CERRADINHO,630872,2024-10-05 02:41:00.000,NOITE,2024-10-05 02:42:48.000,2024-10-05 05:47:16.000,RODOTREM PROPRIO,60,28.01,152.44
1,CERRADINHO,630882,2024-10-05 03:35:00.000,NOITE,2024-10-05 03:35:03.000,2024-10-05 05:48:06.000,RODOTREM PROPRIO,60,23.53,160.39
1,CERRADINHO,630869,2024-10-05 02:29:00.000,NOITE,2024-10-05 02:30:49.000,2024-10-05 06:07:09.000,RODOTREM PROPRIO,60,63.4,138.33
1,CERRADINHO,630888,2024-10-05 03:59:00.000,NOITE,2024-10-05 04:00:24.000,2024-10-05 06:21:27.000,RODOTREM PROPRIO,60,23.53,187.54
1,CERRADINHO,630889,2024-10-05 04:11:00.000,NOITE,2024-10-05 04:11:48.000,2024-10-05 06:22:22.000,TRITREM PROPRIO,90,9.38,
1,CERRADINHO,630909,2024-10-05 05:57:00.000,NOITE,2024-10-05 05:57:43.000,2024-10-05 06:26:31.000,RODOTREM PROPRIO,60,28.01,237.23
1,CERRADINHO,630878,2024-10-05 03:23:00.000,NOITE,2024-10-05 03:24:01.000,2024-10-05 06:27:39.000,RODOTREM PROPRIO,60,63.4,138.2
1,CERRADINHO,630868,2024-10-05 02:15:00.000,NOITE,2024-10-05 02:16:48.000,2024-10-05 06:32:19.000,RODOTREM PROPRIO,60,28.01,232.6
1,CERRADINHO,630875,2024-10-05 03:11:00.000,NOITE,2024-10-05 03:12:41.000,2024-10-05 06:33:29.000,RODOTREM PROPRIO,60,32.65,238.56
1,CERRADINHO,630877,2024-10-05 03:17:00.000,NOITE,2024-10-05 03:17:56.000,2024-10-05 06:38:07.000,RODOTREM PROPRIO,60,32.65,261.51
1,CERRADINHO,630899,2024-10-05 05:23:00.000,NOITE,2024-10-05 05:23:44.000,2024-10-05 06:48:13.000,RODOTREM TERCEIRO,60,23.53,202.74
1,CERRADINHO,630893,2024-10-05 04:45:00.000,NOITE,2024-10-05 04:45:18.000,2024-10-05 06:53:33.000,RODOTREM TERCEIRO,60,28.01,241.96
1,CERRADINHO,630898,2024-10-05 05:23:00.000,NOITE,2024-10-05 05:23:34.000,2024-10-05 07:01:09.000,RODOTREM PROPRIO,60,23.53,202.74
1,CERRADINHO,630879,2024-10-05 03:25:00.000,NOITE,2024-10-05 03:25:30.000,2024-10-05 07:10:49.000,RODOTREM PROPRIO,60,32.65,261.36
1,CERRADINHO,630874,2024-10-05 02:53:00.000,NOITE,2024-10-05 02:54:35.000,2024-10-05 07:15:03.000,RODOTREM PROPRIO,60,45.77,
1,CERRADINHO,630900,2024-10-05 05:23:00.000,NOITE,2024-10-05 05:23:53.000,2024-10-05 07:21:03.000,RODOTREM PROPRIO,60,23.53,202.74
1,CERRADINHO,630881,2024-10-05 03:29:00.000,NOITE,2024-10-05 03:29:10.000,2024-10-05 07:24:29.000,RODOTREM PROPRIO,60,63.4,140.44
1,CERRADINHO,630907,2024-10-05 05:45:00.000,NOITE,2024-10-05 05:45:53.000,2024-10-05 07:25:27.000,RODOTREM PROPRIO,60,18.76,54.56
1,CERRADINHO,630902,2024-10-05 05:27:00.000,NOITE,2024-10-05 05:27:34.000,2024-10-05 07:39:23.000,RODOTREM PROPRIO,60,28.01,190.47
1,CERRADINHO,630887,2024-10-05 03:59:00.000,NOITE,2024-10-05 03:59:44.000,2024-10-05 07:46:36.000,RODOTREM PROPRIO,60,32.65,260.42
1,CERRADINHO,630886,2024-10-05 03:49:00.000,NOITE,2024-10-05 03:49:57.000,2024-10-05 07:50:26.000,TRITREM PROPRIO,90,32.65,260.74
1,CERRADINHO,630910,2024-10-05 05:57:00.000,NOITE,2024-10-05 05:58:38.000,2024-10-05 08:04:43.000,RODOTREM PROPRIO,60,28.01,237.23
1,CERRADINHO,630908,2024-10-05 05:51:00.000,NOITE,2024-10-05 05:52:39.000,2024-10-05 08:08:57.000,RODOTREM PROPRIO,60,9.38,
1,CERRADINHO,630891,2024-10-05 04:29:00.000,NOITE,2024-10-05 04:30:41.000,2024-10-05 08:15:48.000,RODOTREM TERCEIRO,60,63.4,143.14
1,CERRADINHO,630901,2024-10-05 05:25:00.000,NOITE,2024-10-05 05:25:40.000,2024-10-05 08:20:01.000,RODOTREM PROPRIO,60,32.65,186.05
1,CERRADINHO,630904,2024-10-05 05:39:00.000,NOITE,2024-10-05 05:40:58.000,2024-10-05 08:22:02.000,RODOTREM PROPRIO,60,23.53,181.25
1,CERRADINHO,630911,2024-10-05 05:59:00.000,NOITE,2024-10-05 05:59:40.000,2024-10-05 08:38:27.000,RODOTREM PROPRIO,60,23.53,185.97
1,CERRADINHO,630916,2024-10-05 06:23:00.000,MANHA,2024-10-05 06:23:07.000,2024-10-05 08:42:23.000,RODOTREM PROPRIO,60,28.01,232.14
1,CERRADINHO,630894,2024-10-05 05:01:00.000,NOITE,2024-10-05 05:01:57.000,2024-10-05 08:45:03.000,RODOTREM TERCEIRO,60,63.4,147.91
1,CERRADINHO,630876,2024-10-05 03:15:00.000,NOITE,2024-10-05 03:15:29.000,2024-10-05 08:46:01.000,RODOTREM PROPRIO,60,78.42,
1,CERRADINHO,630922,2024-10-05 07:29:00.000,MANHA,2024-10-05 07:29:35.000,2024-10-05 08:47:09.000,RODOTREM PROPRIO,60,9.38,
1,CERRADINHO,630906,2024-10-05 05:41:00.000,NOITE,2024-10-05 05:41:36.000,2024-10-05 08:59:00.000,RODOTREM PROPRIO,60,32.65,251.67
1,CERRADINHO,630938,2024-10-05 09:01:00.000,MANHA,2024-10-05 09:01:45.000,2024-10-05 09:04:01.000,RODOTREM PROPRIO,60,28.01,205.78
1,CERRADINHO,630918,2024-10-05 06:35:00.000,MANHA,2024-10-05 06:36:20.000,2024-10-05 09:11:00.000,RODOTREM PROPRIO,60,23.53,189.87
1,CERRADINHO,630920,2024-10-05 07:05:00.000,MANHA,2024-10-05 07:06:07.000,2024-10-05 09:14:02.000,RODOTREM PROPRIO,60,23.53,163.5
1,CERRADINHO,630924,2024-10-05 07:37:00.000,MANHA,2024-10-05 07:38:38.000,2024-10-05 09:27:28.000,RODOTREM PROPRIO,60,9.38,
1,CERRADINHO,630903,2024-10-05 05:37:00.000,NOITE,2024-10-05 05:38:28.000,2024-10-05 09:29:08.000,RODOTREM TERCEIRO,60,63.4,151.39
1,CERRADINHO,630913,2024-10-05 06:07:00.000,MANHA,2024-10-05 06:07:30.000,2024-10-05 09:33:15.000,RODOTREM PROPRIO,60,28.01,231.8
1,CERRADINHO,630905,2024-10-05 05:41:00.000,NOITE,2024-10-05 05:41:07.000,2024-10-05 09:47:31.000,RODOTREM PROPRIO,60,23.53,181.25
1,CERRADINHO,630912,2024-10-05 06:05:00.000,MANHA,2024-10-05 06:06:33.000,2024-10-05 09:48:02.000,RODOTREM PROPRIO,60,63.4,150.75
1,CERRADINHO,630937,2024-10-05 08:57:00.000,MANHA,2024-10-05 08:57:31.000,2024-10-05 09:53:20.000,RODOTREM PROPRIO,60,28.01,202.08
1,CERRADINHO,630921,2024-10-05 07:27:00.000,MANHA,2024-10-05 07:28:52.000,2024-10-05 09:57:13.000,RODOTREM PROPRIO,60,28.01,245.4
1,CERRADINHO,630896,2024-10-05 05:19:00.000,NOITE,2024-10-05 05:19:23.000,2024-10-05 10:04:58.000,RODOTREM PROPRIO,60,78.42,
1,CERRADINHO,630883,2024-10-05 03:43:00.000,NOITE,2024-10-05 03:44:36.000,2024-10-05 10:08:39.000,RODOTREM PROPRIO,60,45.77,
1,CERRADINHO,630926,2024-10-05 07:53:00.000,MANHA,2024-10-05 07:53:30.000,2024-10-05 10:11:04.000,RODOTREM TERCEIRO,60,23.53,211.89
1,CERRADINHO,630930,2024-10-05 07:59:00.000,MANHA,2024-10-05 08:00:45.000,2024-10-05 10:11:43.000,RODOTREM PROPRIO,60,32.65,182.41
1,CERRADINHO,630952,2024-10-05 10:11:00.000,MANHA,2024-10-05 10:11:53.000,2024-10-05 10:18:03.000,RODOTREM PROPRIO,60,23.84,
1,CERRADINHO,630919,2024-10-05 06:37:00.000,MANHA,2024-10-05 06:37:01.000,2024-10-05 10:18:49.000,RODOTREM PROPRIO,60,32.65,184.8
1,CERRADINHO,630928,2024-10-05 07:55:00.000,MANHA,2024-10-05 07:56:18.000,2024-10-05 10:34:20.000,RODOTREM PROPRIO,60,32.65,182.61
1,CERRADINHO,630915,2024-10-05 06:21:00.000,MANHA,2024-10-05 06:21:25.000,2024-10-05 10:35:54.000,RODOTREM TERCEIRO,60,63.4,150.73
1,CERRADINHO,630932,2024-10-05 08:03:00.000,MANHA,2024-10-05 08:04:36.000,2024-10-05 10:40:25.000,RODOTREM PROPRIO,60,9.38,
1,CERRADINHO,630933,2024-10-05 08:15:00.000,MANHA,2024-10-05 08:15:55.000,2024-10-05 10:42:20.000,RODOTREM PROPRIO,60,28.01,245.35
1,CERRADINHO,630880,2024-10-05 03:25:00.000,NOITE,2024-10-05 03:26:40.000,2024-10-05 10:44:52.000,RODOTREM PROPRIO,60,78.42,
1,CERRADINHO,630927,2024-10-05 07:53:00.000,MANHA,2024-10-05 07:53:43.000,2024-10-05 10:51:04.000,RODOTREM PROPRIO,60,23.53,211.89
1,CERRADINHO,630934,2024-10-05 08:29:00.000,MANHA,2024-10-05 08:29:53.000,2024-10-05 10:51:50.000,RODOTREM PROPRIO,60,63.4,140.26
1,CERRADINHO,630929,2024-10-05 07:59:00.000,MANHA,2024-10-05 07:59:55.000,2024-10-05 10:57:10.000,RODOTREM TERCEIRO,60,32.65,182.41
1,CERRADINHO,630892,2024-10-05 04:31:00.000,NOITE,2024-10-05 04:31:51.000,2024-10-05 11:08:15.000,TRITREM PROPRIO,90,45.77,
1,CERRADINHO,630936,2024-10-05 08:41:00.000,MANHA,2024-10-05 08:41:30.000,2024-10-05 11:08:28.000,RODOTREM PROPRIO,60,18.76,
1,CERRADINHO,630940,2024-10-05 09:15:00.000,MANHA,2024-10-05 09:15:31.000,2024-10-05 11:14:47.000,RODOTREM TERCEIRO,60,28.01,257.85
1,CERRADINHO,630939,2024-10-05 09:13:00.000,MANHA,2024-10-05 09:13:19.000,2024-10-05 11:44:01.000,RODOTREM PROPRIO,60,23.53,162.05
1,CERRADINHO,630897,2024-10-05 05:21:00.000,NOITE,2024-10-05 05:22:28.000,2024-10-05 11:47:21.000,TRITREM PROPRIO,90,45.77,
1,CERRADINHO,630935,2024-10-05 08:31:00.000,MANHA,2024-10-05 08:31:01.000,2024-10-05 11:55:58.000,RODOTREM PROPRIO,60,32.65,176.74
1,CERRADINHO,630914,2024-10-05 06:17:00.000,MANHA,2024-10-05 06:17:53.000,2024-10-05 11:56:29.000,RODOTREM PROPRIO,60,78.42,
1,CERRADINHO,630895,2024-10-05 05:17:00.000,NOITE,2024-10-05 05:17:34.000,2024-10-05 12:01:37.000,RODOTREM PROPRIO,60,28.01,190.47
1,CERRADINHO,630947,2024-10-05 09:37:00.000,MANHA,2024-10-05 09:38:13.000,2024-10-05 12:04:04.000,RODOTREM PROPRIO,60,23.84,
1,CERRADINHO,630963,2024-10-05 11:15:00.000,MANHA,2024-10-05 11:16:15.000,2024-10-05 12:08:31.000,RODOTREM TERCEIRO,60,63.4,187.29
1,CERRADINHO,630946,2024-10-05 09:35:00.000,MANHA,2024-10-05 09:36:50.000,2024-10-05 12:15:07.000,RODOTREM TERCEIRO,60,23.53,161.41
1,CERRADINHO,630956,2024-10-05 10:35:00.000,MANHA,2024-10-05 10:35:23.000,2024-10-05 12:17:06.000,RODOTREM PROPRIO,60,32.65,168.71
1,CERRADINHO,630941,2024-10-05 09:19:00.000,MANHA,2024-10-05 09:20:45.000,2024-10-05 12:21:57.000,RODOTREM PROPRIO,60,23.53,160.44
1,CERRADINHO,630953,2024-10-05 10:13:00.000,MANHA,2024-10-05 10:14:17.000,2024-10-05 12:23:08.000,RODOTREM PROPRIO,60,28.01,192.56
1,CERRADINHO,630955,2024-10-05 10:33:00.000,MANHA,2024-10-05 10:33:58.000,2024-10-05 12:24:25.000,RODOTREM PROPRIO,60,32.65,167.92
1,CERRADINHO,630962,2024-10-05 11:13:00.000,MANHA,2024-10-05 11:13:05.000,2024-10-05 12:26:31.000,RODOTREM PROPRIO,60,28.01,244.29
1,CERRADINHO,630951,2024-10-05 10:01:00.000,MANHA,2024-10-05 10:01:52.000,2024-10-05 12:28:58.000,RODOTREM PROPRIO,60,23.84,
1,CERRADINHO,630984,2024-10-05 12:29:00.000,MANHA,2024-10-05 12:30:40.000,2024-10-05 12:31:30.000,RODOTREM PROPRIO,60,63.4,192.22
1,CERRADINHO,630967,2024-10-05 11:25:00.000,MANHA,2024-10-05 11:25:02.000,2024-10-05 12:32:26.000,RODOTREM TERCEIRO,60,63.4,186.7
1,CERRADINHO,630959,2024-10-05 10:51:00.000,MANHA,2024-10-05 10:51:53.000,2024-10-05 12:34:18.000,RODOTREM PROPRIO,60,63.4,141.45
1,CERRADINHO,630944,2024-10-05 09:23:00.000,MANHA,2024-10-05 09:24:45.000,2024-10-05 12:38:39.000,RODOTREM PROPRIO,60,28.01,257.72
1,CERRADINHO,630957,2024-10-05 10:45:00.000,MANHA,2024-10-05 10:46:32.000,2024-10-05 12:47:05.000,RODOTREM TERCEIRO,60,28.01,252.47
1,CERRADINHO,630960,2024-10-05 10:51:00.000,MANHA,2024-10-05 10:52:59.000,2024-10-05 12:48:51.000,RODOTREM PROPRIO,60,63.4,141.45
1,CERRADINHO,630948,2024-10-05 09:37:00.000,MANHA,2024-10-05 09:38:43.000,2024-10-05 12:59:23.000,RODOTREM PROPRIO,60,23.53,161.41
1,CERRADINHO,630961,2024-10-05 11:11:00.000,MANHA,2024-10-05 11:12:35.000,2024-10-05 13:00:16.000,RODOTREM PROPRIO,60,9.38,
1,CERRADINHO,630977,2024-10-05 12:17:00.000,MANHA,2024-10-05 12:18:58.000,2024-10-05 13:09:31.000,RODOTREM TERCEIRO,60,28.01,254.97
1,CERRADINHO,630942,2024-10-05 09:21:00.000,MANHA,2024-10-05 09:21:58.000,2024-10-05 13:13:18.000,RODOTREM PROPRIO,60,45.77,
1,CERRADINHO,630958,2024-10-05 10:51:00.000,MANHA,2024-10-05 10:51:25.000,2024-10-05 13:15:01.000,RODOTREM PROPRIO,60,23.53,167.27
1,CERRADINHO,630968,2024-10-05 11:27:00.000,MANHA,2024-10-05 11:28:33.000,2024-10-05 13:16:48.000,RODOTREM PROPRIO,60,23.84,
1,CERRADINHO,630980,2024-10-05 12:21:00.000,MANHA,2024-10-05 12:22:02.000,2024-10-05 13:18:28.000,RODOTREM PROPRIO,60,28.01,202.02
1,CERRADINHO,630945,2024-10-05 09:25:00.000,MANHA,2024-10-05 09:25:03.000,2024-10-05 13:20:12.000,RODOTREM PROPRIO,60,63.4,140.43
1,CERRADINHO,630982,2024-10-05 12:23:00.000,MANHA,2024-10-05 12:24:32.000,2024-10-05 13:27:04.000,RODOTREM PROPRIO,60,32.65,164.33
1,CERRADINHO,630971,2024-10-05 11:41:00.000,MANHA,2024-10-05 11:41:46.000,2024-10-05 13:28:21.000,RODOTREM TERCEIRO,60,23.53,171.04
1,CERRADINHO,630981,2024-10-05 12:23:00.000,MANHA,2024-10-05 12:23:24.000,2024-10-05 13:29:35.000,RODOTREM PROPRIO,60,32.65,164.33
1,CERRADINHO,630964,2024-10-05 11:17:00.000,MANHA,2024-10-05 11:17:40.000,2024-10-05 13:44:03.000,RODOTREM PROPRIO,60,63.4,187.36
1,CERRADINHO,630966,2024-10-05 11:23:00.000,MANHA,2024-10-05 11:24:29.000,2024-10-05 13:45:32.000,RODOTREM PROPRIO,60,28.01,249.41
1,CERRADINHO,630973,2024-10-05 12:05:00.000,MANHA,2024-10-05 12:05:50.000,2024-10-05 13:48:35.000,RODOTREM TERCEIRO,60,28.01,247.86
1,CERRADINHO,630989,2024-10-05 12:57:00.000,MANHA,2024-10-05 12:57:27.000,2024-10-05 13:52:15.000,RODOTREM PROPRIO,60,28.01,265.59
1,CERRADINHO,630954,2024-10-05 10:23:00.000,MANHA,2024-10-05 10:24:16.000,2024-10-05 13:55:34.000,RODOTREM PROPRIO,60,45.77,
1,CERRADINHO,631004,2024-10-05 13:57:00.000,MANHA,2024-10-05 13:58:29.000,2024-10-05 14:00:31.000,RODOTREM PROPRIO,60,32.65,158.16
1,CERRADINHO,630969,2024-10-05 11:35:00.000,MANHA,2024-10-05 11:35:29.000,2024-10-05 14:04:53.000,TRITREM PROPRIO,90,23.53,171.04
1,CERRADINHO,630974,2024-10-05 12:05:00.000,MANHA,2024-10-05 12:06:46.000,2024-10-05 14:06:24.000,RODOTREM TERCEIRO,60,23.53,175.62
1,CERRADINHO,630965,2024-10-05 11:19:00.000,MANHA,2024-10-05 11:20:27.000,2024-10-05 14:07:47.000,RODOTREM TERCEIRO,60,32.65,165.76
1,CERRADINHO,631010,2024-10-05 14:15:00.000,MANHA,2024-10-05 14:15:27.000,2024-10-05 14:22:07.000,RODOTREM PROPRIO,60,45.77,
1,CERRADINHO,630985,2024-10-05 12:31:00.000,MANHA,2024-10-05 12:32:56.000,2024-10-05 14:23:43.000,RODOTREM PROPRIO,60,28.01,199.62
1,CERRADINHO,631008,2024-10-05 14:05:00.000,MANHA,2024-10-05 14:06:37.000,2024-10-05 14:25:04.000,RODOTREM PROPRIO,60,9.38,
1,CERRADINHO,630986,2024-10-05 12:35:00.000,MANHA,2024-10-05 12:35:35.000,2024-10-05 14:25:42.000,RODOTREM PROPRIO,60,18.76,0
1,CERRADINHO,631013,2024-10-05 14:21:00.000,MANHA,2024-10-05 14:21:58.000,2024-10-05 14:26:05.000,TRITREM PROPRIO,90,9.38,
1,CERRADINHO,630950,2024-10-05 09:45:00.000,MANHA,2024-10-05 09:46:16.000,2024-10-05 14:28:35.000,RODOTREM TERCEIRO,60,63.4,90.49
1,CERRADINHO,630978,2024-10-05 12:19:00.000,MANHA,2024-10-05 12:19:42.000,2024-10-05 14:31:32.000,RODOTREM TERCEIRO,60,23.53,171.83
1,CERRADINHO,630972,2024-10-05 11:49:00.000,MANHA,2024-10-05 11:49:27.000,2024-10-05 14:33:27.000,RODOTREM PROPRIO,60,28.01,249.24
1,CERRADINHO,630923,2024-10-05 07:29:00.000,MANHA,2024-10-05 07:30:15.000,2024-10-05 14:36:25.000,RODOTREM PROPRIO,60,78.42,
1,CERRADINHO,630987,2024-10-05 12:39:00.000,MANHA,2024-10-05 12:40:47.000,2024-10-05 14:44:00.000,RODOTREM PROPRIO,60,23.53,154.56
1,CERRADINHO,630925,2024-10-05 07:47:00.000,MANHA,2024-10-05 07:47:51.000,2024-10-05 14:51:32.000,RODOTREM PROPRIO,60,78.42,
1,CERRADINHO,631022,2024-10-05 14:45:00.000,MANHA,2024-10-05 14:45:18.000,2024-10-05 15:01:42.000,RODOTREM PROPRIO,60,28.01,201.4
1,CERRADINHO,630988,2024-10-05 12:41:00.000,MANHA,2024-10-05 12:41:07.000,2024-10-05 15:11:03.000,RODOTREM PROPRIO,60,28.01,263.63
1,CERRADINHO,630970,2024-10-05 11:35:00.000,MANHA,2024-10-05 11:36:44.000,2024-10-05 15:12:03.000,RODOTREM PROPRIO,60,32.65,163.93
1,CERRADINHO,630990,2024-10-05 13:01:00.000,MANHA,2024-10-05 13:01:36.000,2024-10-05 15:15:05.000,RODOTREM TERCEIRO,60,23.53,217.12
1,CERRADINHO,630983,2024-10-05 12:27:00.000,MANHA,2024-10-05 12:27:53.000,2024-10-05 15:15:43.000,RODOTREM PROPRIO,60,63.4,192.22
1,CERRADINHO,630994,2024-10-05 13:19:00.000,MANHA,2024-10-05 13:19:03.000,2024-10-05 15:16:40.000,RODOTREM PROPRIO,60,28.01,256.08
1,CERRADINHO,630997,2024-10-05 13:23:00.000,MANHA,2024-10-05 13:23:36.000,2024-10-05 15:19:18.000,RODOTREM PROPRIO,60,28.01,262.8
1,CERRADINHO,630995,2024-10-05 13:19:00.000,MANHA,2024-10-05 13:19:31.000,2024-10-05 15:25:13.000,RODOTREM PROPRIO,60,23.53,260.13
1,CERRADINHO,631006,2024-10-05 14:03:00.000,MANHA,2024-10-05 14:03:05.000,2024-10-05 15:37:20.000,RODOTREM PROPRIO,60,23.84,0
1,CERRADINHO,631023,2024-10-05 14:55:00.000,MANHA,2024-10-05 14:56:17.000,2024-10-05 15:39:59.000,RODOTREM PROPRIO,60,23.84,201.53
1,CERRADINHO,631027,2024-10-05 15:09:00.000,MANHA,2024-10-05 15:10:41.000,2024-10-05 15:48:06.000,RODOTREM PROPRIO,60,28.01,197.24
1,CERRADINHO,630979,2024-10-05 12:21:00.000,MANHA,2024-10-05 12:21:00.000,2024-10-05 15:53:45.000,TRITREM PROPRIO,90,32.65,164.33
1,CERRADINHO,631012,2024-10-05 14:17:00.000,MANHA,2024-10-05 14:17:57.000,2024-10-05 15:54:51.000,RODOTREM PROPRIO,60,9.38,
1,CERRADINHO,630999,2024-10-05 13:29:00.000,MANHA,2024-10-05 13:30:03.000,2024-10-05 15:56:07.000,RODOTREM PROPRIO,60,28.01,263.16
1,CERRADINHO,631009,2024-10-05 14:07:00.000,MANHA,2024-10-05 14:08:30.000,2024-10-05 15:56:49.000,RODOTREM TERCEIRO,60,28.01,204.05
1,CERRADINHO,630975,2024-10-05 12:07:00.000,MANHA,2024-10-05 12:08:33.000,2024-10-05 15:58:40.000,RODOTREM TERCEIRO,60,63.4,188.73
1,CERRADINHO,630931,2024-10-05 08:01:00.000,MANHA,2024-10-05 08:01:41.000,2024-10-05 16:00:05.000,RODOTREM PROPRIO,60,78.42,
1,CERRADINHO,631001,2024-10-05 13:45:00.000,MANHA,2024-10-05 13:45:03.000,2024-10-05 16:26:52.000,RODOTREM PROPRIO,60,23.84,0
1,CERRADINHO,631011,2024-10-05 14:17:00.000,MANHA,2024-10-05 14:17:04.000,2024-10-05 16:28:32.000,RODOTREM PROPRIO,60,23.53,294.32
1,CERRADINHO,630993,2024-10-05 13:17:00.000,MANHA,2024-10-05 13:18:32.000,2024-10-05 16:31:18.000,RODOTREM PROPRIO,60,45.77,
1,CERRADINHO,631026,2024-10-05 15:01:00.000,MANHA,2024-10-05 15:01:45.000,2024-10-05 16:31:24.000,RODOTREM PROPRIO,60,9.38,
1,CERRADINHO,631014,2024-10-05 14:23:00.000,MANHA,2024-10-05 14:24:39.000,2024-10-05 16:36:17.000,RODOTREM PROPRIO,60,63.4,137.62
1,CERRADINHO,631016,2024-10-05 14:25:00.000,MANHA,2024-10-05 14:26:35.000,2024-10-05 16:36:42.000,RODOTREM PROPRIO,60,28.01,209.76
1,CERRADINHO,631002,2024-10-05 13:49:00.000,MANHA,2024-10-05 13:49:30.000,2024-10-05 16:40:53.000,RODOTREM PROPRIO,60,23.53,303.7
1,CERRADINHO,631007,2024-10-05 14:03:00.000,MANHA,2024-10-05 14:03:46.000,2024-10-05 16:49:23.000,RODOTREM PROPRIO,60,23.84,0
1,CERRADINHO,631017,2024-10-05 14:27:00.000,MANHA,2024-10-05 14:28:20.000,2024-10-05 16:50:07.000,TRITREM PROPRIO,90,32.65,112.56
1,CERRADINHO,631039,2024-10-05 15:49:00.000,MANHA,2024-10-05 15:50:42.000,2024-10-05 16:55:23.000,TRITREM PROPRIO,90,30.26,
1,CERRADINHO,630976,2024-10-05 12:09:00.000,MANHA,2024-10-05 12:09:51.000,2024-10-05 16:56:23.000,RODOTREM PROPRIO,60,45.77,
1,CERRADINHO,631003,2024-10-05 13:49:00.000,MANHA,2024-10-05 13:50:23.000,2024-10-05 16:57:15.000,RODOTREM PROPRIO,60,32.65,158.68
1,CERRADINHO,631019,2024-10-05 14:31:00.000,MANHA,2024-10-05 14:31:33.000,2024-10-05 17:00:29.000,RODOTREM TERCEIRO,60,28.01,208.68
1,CERRADINHO,631018,2024-10-05 14:29:00.000,MANHA,2024-10-05 14:30:02.000,2024-10-05 17:01:11.000,RODOTREM PROPRIO,60,23.53,334.41
1,CERRADINHO,631005,2024-10-05 13:59:00.000,MANHA,2024-10-05 14:00:40.000,2024-10-05 17:07:27.000,RODOTREM PROPRIO,60,32.65,158.23
1,CERRADINHO,630998,2024-10-05 13:27:00.000,MANHA,2024-10-05 13:27:33.000,2024-10-05 17:10:49.000,RODOTREM PROPRIO,60,45.77,
1,CERRADINHO,630991,2024-10-05 13:09:00.000,MANHA,2024-10-05 13:09:58.000,2024-10-05 17:13:40.000,RODOTREM TERCEIRO,60,63.4,161
1,CERRADINHO,631041,2024-10-05 16:03:00.000,MANHA,2024-10-05 16:03:39.000,2024-10-05 17:13:43.000,TRITREM PROPRIO,90,9.38,
1,CERRADINHO,630996,2024-10-05 13:21:00.000,MANHA,2024-10-05 13:22:39.000,2024-10-05 17:29:47.000,RODOTREM PROPRIO,60,63.4,161.73
1,CERRADINHO,631030,2024-10-05 15:19:00.000,MANHA,2024-10-05 15:20:04.000,2024-10-05 17:36:05.000,TRITREM PROPRIO,90,23.84,201.53
1,CERRADINHO,631036,2024-10-05 15:45:00.000,MANHA,2024-10-05 15:46:54.000,2024-10-05 17:46:02.000,RODOTREM PROPRIO,60,23.53,216.69
1,CERRADINHO,631029,2024-10-05 15:15:00.000,MANHA,2024-10-05 15:15:51.000,2024-10-05 17:47:27.000,RODOTREM TERCEIRO,60,28.01,197.29
1,CERRADINHO,631024,2024-10-05 14:55:00.000,MANHA,2024-10-05 14:56:48.000,2024-10-05 17:56:44.000,RODOTREM TERCEIRO,60,28.01,197.29
1,CERRADINHO,631031,2024-10-05 15:21:00.000,MANHA,2024-10-05 15:22:21.000,2024-10-05 17:57:31.000,RODOTREM PROPRIO,60,32.65,114.14
1,CERRADINHO,631028,2024-10-05 15:11:00.000,MANHA,2024-10-05 15:12:33.000,2024-10-05 18:00:06.000,RODOTREM PROPRIO,60,18.76,33.84
1,CERRADINHO,631032,2024-10-05 15:39:00.000,MANHA,2024-10-05 15:39:10.000,2024-10-05 18:02:04.000,RODOTREM TERCEIRO,60,28.01,134.33
1,CERRADINHO,631034,2024-10-05 15:41:00.000,MANHA,2024-10-05 15:41:44.000,2024-10-05 18:02:26.000,RODOTREM PROPRIO,60,32.65,116.01
1,CERRADINHO,631042,2024-10-05 16:13:00.000,MANHA,2024-10-05 16:14:34.000,2024-10-05 18:11:32.000,RODOTREM PROPRIO,60,28.01,212.54
1,CERRADINHO,631052,2024-10-05 16:57:00.000,MANHA,2024-10-05 16:57:06.000,2024-10-05 18:31:30.000,RODOTREM PROPRIO,60,9.38,
1,CERRADINHO,631033,2024-10-05 15:39:00.000,MANHA,2024-10-05 15:40:36.000,2024-10-05 18:31:56.000,RODOTREM PROPRIO,60,23.53,270.95
1,CERRADINHO,631040,2024-10-05 15:55:00.000,MANHA,2024-10-05 15:56:33.000,2024-10-05 18:33:07.000,RODOTREM TERCEIRO,60,23.53,241.57
1,CERRADINHO,631038,2024-10-05 15:47:00.000,MANHA,2024-10-05 15:48:47.000,2024-10-05 18:34:49.000,RODOTREM PROPRIO,60,32.65,116.23
1,CERRADINHO,631044,2024-10-05 16:21:00.000,MANHA,2024-10-05 16:21:09.000,2024-10-05 18:44:56.000,RODOTREM PROPRIO,60,28.01,214.47
1,CERRADINHO,631021,2024-10-05 14:35:00.000,MANHA,2024-10-05 14:35:19.000,2024-10-05 18:46:28.000,RODOTREM PROPRIO,60,45.77,
1,CERRADINHO,631000,2024-10-05 13:31:00.000,MANHA,2024-10-05 13:31:08.000,2024-10-05 18:47:49.000,RODOTREM TERCEIRO,60,63.4,195.32
1,CERRADINHO,631058,2024-10-05 17:19:00.000,MANHA,2024-10-05 17:19:17.000,2024-10-05 18:49:53.000,RODOTREM PROPRIO,60,9.38,
1,CERRADINHO,631043,2024-10-05 16:19:00.000,MANHA,2024-10-05 16:20:37.000,2024-10-05 18:53:23.000,RODOTREM PROPRIO,60,23.53,177.07
1,CERRADINHO,631049,2024-10-05 16:41:00.000,MANHA,2024-10-05 16:41:41.000,2024-10-05 18:58:32.000,RODOTREM TERCEIRO,60,28.01,228.3
1,CERRADINHO,631020,2024-10-05 14:31:00.000,MANHA,2024-10-05 14:32:41.000,2024-10-05 19:08:34.000,RODOTREM PROPRIO,60,78.42,
1,CERRADINHO,631047,2024-10-05 16:27:00.000,MANHA,2024-10-05 16:28:17.000,2024-10-05 19:13:14.000,RODOTREM PROPRIO,60,23.53,247.86
1,CERRADINHO,631037,2024-10-05 15:47:00.000,MANHA,2024-10-05 15:48:15.000,2024-10-05 19:17:47.000,TRITREM PROPRIO,90,23.84,199.35
1,CERRADINHO,631054,2024-10-05 17:07:00.000,MANHA,2024-10-05 17:07:18.000,2024-10-05 19:18:09.000,RODOTREM TERCEIRO,60,28.01,238.55
1,CERRADINHO,631055,2024-10-05 17:09:00.000,MANHA,2024-10-05 17:09:43.000,2024-10-05 19:29:18.000,RODOTREM PROPRIO,60,32.65,169.23
1,CERRADINHO,631046,2024-10-05 16:25:00.000,MANHA,2024-10-05 16:26:34.000,2024-10-05 19:33:52.000,TRITREM PROPRIO,90,32.65,161.19
1,CERRADINHO,631056,2024-10-05 17:11:00.000,MANHA,2024-10-05 17:11:51.000,2024-10-05 19:34:03.000,TRITREM PROPRIO,90,23.84,199.35
1,CERRADINHO,631059,2024-10-05 17:25:00.000,MANHA,2024-10-05 17:25:36.000,2024-10-05 19:40:04.000,RODOTREM PROPRIO,60,30.26,
1,CERRADINHO,631015,2024-10-05 14:25:00.000,MANHA,2024-10-05 14:25:16.000,2024-10-05 19:44:08.000,RODOTREM PROPRIO,60,63.4,137.62
1,CERRADINHO,631053,2024-10-05 17:01:00.000,MANHA,2024-10-05 17:02:58.000,2024-10-05 19:45:09.000,RODOTREM PROPRIO,60,28.01,238.63
1,CERRADINHO,631064,2024-10-05 17:33:00.000,MANHA,2024-10-05 17:33:37.000,2024-10-05 19:53:19.000,RODOTREM TERCEIRO,60,28.01,241.32
1,CERRADINHO,631060,2024-10-05 17:27:00.000,MANHA,2024-10-05 17:27:31.000,2024-10-05 20:05:21.000,RODOTREM PROPRIO,60,23.53,239.62
1,CERRADINHO,631062,2024-10-05 17:31:00.000,MANHA,2024-10-05 17:31:18.000,2024-10-05 20:06:44.000,TRITREM PROPRIO,90,23.84,199.35
1,CERRADINHO,631048,2024-10-05 16:35:00.000,MANHA,2024-10-05 16:36:41.000,2024-10-05 20:18:07.000,RODOTREM TERCEIRO,60,63.4,183.45
1,CERRADINHO,631075,2024-10-05 18:31:00.000,MANHA,2024-10-05 18:32:36.000,2024-10-05 20:24:29.000,RODOTREM TERCEIRO,60,28.01,249.02
1,CERRADINHO,631025,2024-10-05 14:57:00.000,MANHA,2024-10-05 14:58:51.000,2024-10-05 20:27:19.000,RODOTREM PROPRIO,60,78.42,
1,CERRADINHO,631061,2024-10-05 17:27:00.000,MANHA,2024-10-05 17:28:47.000,2024-10-05 20:31:08.000,TRITREM PROPRIO,90,32.65,169.36
1,CERRADINHO,631035,2024-10-05 15:43:00.000,MANHA,2024-10-05 15:43:51.000,2024-10-05 20:33:01.000,TRITREM PROPRIO,90,45.77,
1,CERRADINHO,631066,2024-10-05 17:39:00.000,MANHA,2024-10-05 17:40:17.000,2024-10-05 20:38:28.000,RODOTREM PROPRIO,60,30.26,
1,CERRADINHO,631079,2024-10-05 18:57:00.000,MANHA,2024-10-05 18:57:42.000,2024-10-05 20:40:07.000,RODOTREM TERCEIRO,60,28.01,331.1
1,CERRADINHO,631065,2024-10-05 17:33:00.000,MANHA,2024-10-05 17:34:31.000,2024-10-05 20:45:56.000,RODOTREM PROPRIO,60,23.53,234.72
1,CERRADINHO,631050,2024-10-05 16:55:00.000,MANHA,2024-10-05 16:55:36.000,2024-10-05 20:47:06.000,RODOTREM PROPRIO,60,32.65,167.54
1,CERRADINHO,631069,2024-10-05 17:51:00.000,MANHA,2024-10-05 17:52:01.000,2024-10-05 20:47:58.000,RODOTREM PROPRIO,60,23.53,229.52
1,CERRADINHO,631082,2024-10-05 19:13:00.000,NOITE,2024-10-05 19:14:08.000,2024-10-05 20:48:36.000,RODOTREM PROPRIO,60,28.01,250.57
1,CERRADINHO,631081,2024-10-05 19:13:00.000,NOITE,2024-10-05 19:13:54.000,2024-10-05 20:50:40.000,RODOTREM TERCEIRO,60,28.01,250.57
1,CERRADINHO,631067,2024-10-05 17:41:00.000,MANHA,2024-10-05 17:41:34.000,2024-10-05 20:59:36.000,TRITREM PROPRIO,90,32.65,170.53
1,CERRADINHO,631071,2024-10-05 17:59:00.000,MANHA,2024-10-05 18:00:57.000,2024-10-05 21:00:24.000,RODOTREM PROPRIO,60,23.53,230.48
1,CERRADINHO,631074,2024-10-05 18:19:00.000,MANHA,2024-10-05 18:20:44.000,2024-10-05 21:01:42.000,RODOTREM PROPRIO,60,18.76,47.41
1,CERRADINHO,631084,2024-10-05 19:15:00.000,NOITE,2024-10-05 19:15:54.000,2024-10-05 21:08:41.000,RODOTREM PROPRIO,60,18.76,0
1,CERRADINHO,631072,2024-10-05 18:13:00.000,MANHA,2024-10-05 18:13:38.000,2024-10-05 21:11:09.000,RODOTREM PROPRIO,60,23.84,199.35
1,CERRADINHO,631080,2024-10-05 18:59:00.000,NOITE,2024-10-05 19:00:25.000,2024-10-05 21:14:45.000,TRITREM PROPRIO,90,9.38,
1,CERRADINHO,631073,2024-10-05 18:15:00.000,MANHA,2024-10-05 18:16:44.000,2024-10-05 21:15:45.000,RODOTREM PROPRIO,60,23.53,233.07
1,CERRADINHO,631070,2024-10-05 17:53:00.000,MANHA,2024-10-05 17:54:30.000,2024-10-05 21:18:11.000,RODOTREM PROPRIO,60,28.01,243.54
1,CERRADINHO,631078,2024-10-05 18:47:00.000,MANHA,2024-10-05 18:48:37.000,2024-10-05 21:18:49.000,TRITREM PROPRIO,90,23.84,177.25
1,CERRADINHO,631057,2024-10-05 17:13:00.000,MANHA,2024-10-05 17:13:36.000,2024-10-05 21:19:36.000,TRITREM PROPRIO,90,45.77,
1,CERRADINHO,631083,2024-10-05 19:13:00.000,NOITE,2024-10-05 19:14:38.000,2024-10-05 21:30:10.000,RODOTREM TERCEIRO,60,28.01,250.57
1,CERRADINHO,631051,2024-10-05 16:55:00.000,MANHA,2024-10-05 16:56:23.000,2024-10-05 21:42:37.000,RODOTREM PROPRIO,60,63.4,96.58
1,CERRADINHO,631085,2024-10-05 19:25:00.000,NOITE,2024-10-05 19:25:43.000,2024-10-05 21:47:42.000,TRITREM PROPRIO,90,32.65,227.4
1,CERRADINHO,631088,2024-10-05 19:35:00.000,NOITE,2024-10-05 19:35:49.000,2024-10-05 21:48:21.000,RODOTREM TERCEIRO,60,28.01,308.39
1,CERRADINHO,631091,2024-10-05 19:45:00.000,NOITE,2024-10-05 19:46:46.000,2024-10-05 21:49:35.000,RODOTREM TERCEIRO,60,28.01,307.74
1,CERRADINHO,631090,2024-10-05 19:39:00.000,NOITE,2024-10-05 19:40:35.000,2024-10-05 21:59:58.000,RODOTREM PROPRIO,60,23.53,233.41
1,CERRADINHO,631097,2024-10-05 20:05:00.000,NOITE,2024-10-05 20:06:58.000,2024-10-05 22:13:35.000,RODOTREM TERCEIRO,60,28.01,341.25
1,CERRADINHO,631096,2024-10-05 19:59:00.000,NOITE,2024-10-05 19:59:58.000,2024-10-05 22:19:29.000,RODOTREM PROPRIO,60,23.53,168.83
1,CERRADINHO,631104,2024-10-05 20:45:00.000,NOITE,2024-10-05 20:46:07.000,2024-10-05 22:24:06.000,RODOTREM PROPRIO,60,28.01,367.67
1,CERRADINHO,631095,2024-10-05 19:55:00.000,NOITE,2024-10-05 19:56:33.000,2024-10-05 22:25:33.000,TRITREM PROPRIO,90,23.84,98.2
1,CERRADINHO,631099,2024-10-05 20:21:00.000,NOITE,2024-10-05 20:21:06.000,2024-10-05 22:26:24.000,RODOTREM TERCEIRO,60,28.01,351.83
1,CERRADINHO,631063,2024-10-05 17:31:00.000,MANHA,2024-10-05 17:31:52.000,2024-10-05 22:26:56.000,RODOTREM TERCEIRO,60,63.4,129.31
1,CERRADINHO,630949,2024-10-05 09:39:00.000,MANHA,2024-10-05 09:40:49.000,2024-10-05 22:28:07.000,RODOTREM PROPRIO,60,78.42,
1,CERRADINHO,631076,2024-10-05 18:33:00.000,MANHA,2024-10-05 18:33:34.000,2024-10-05 22:33:38.000,RODOTREM PROPRIO,60,30.26,
1,CERRADINHO,631045,2024-10-05 16:21:00.000,MANHA,2024-10-05 16:22:25.000,2024-10-05 22:35:05.000,RODOTREM PROPRIO,60,78.42,
1,CERRADINHO,631086,2024-10-05 19:31:00.000,NOITE,2024-10-05 19:31:01.000,2024-10-05 22:37:14.000,TRITREM PROPRIO,90,9.38,
1,CERRADINHO,631092,2024-10-05 19:47:00.000,NOITE,2024-10-05 19:47:33.000,2024-10-05 22:40:57.000,TRITREM PROPRIO,90,32.65,227.89
1,CERRADINHO,631117,2024-10-05 21:43:00.000,NOITE,2024-10-05 21:43:54.000,2024-10-05 22:41:31.000,TRITREM PROPRIO,90,9.38,
1,CERRADINHO,631089,2024-10-05 19:39:00.000,NOITE,2024-10-05 19:39:31.000,2024-10-05 22:46:24.000,RODOTREM PROPRIO,60,32.65,227.89
1,CERRADINHO,631106,2024-10-05 21:07:00.000,NOITE,2024-10-05 21:08:44.000,2024-10-05 22:53:34.000,RODOTREM TERCEIRO,60,28.01,375.13
1,CERRADINHO,631077,2024-10-05 18:45:00.000,MANHA,2024-10-05 18:45:57.000,2024-10-05 22:56:21.000,RODOTREM PROPRIO,60,45.77,
1,CERRADINHO,631098,2024-10-05 20:09:00.000,NOITE,2024-10-05 20:09:54.000,2024-10-05 22:57:03.000,TRITREM PROPRIO,90,23.84,163.67
1,CERRADINHO,631093,2024-10-05 19:47:00.000,NOITE,2024-10-05 19:48:41.000,2024-10-05 23:01:36.000,RODOTREM PROPRIO,60,30.26,
1,CERRADINHO,631101,2024-10-05 20:37:00.000,NOITE,2024-10-05 20:38:29.000,2024-10-05 23:03:05.000,RODOTREM PROPRIO,60,32.65,256.69
1,CERRADINHO,631103,2024-10-05 20:43:00.000,NOITE,2024-10-05 20:43:46.000,2024-10-05 23:05:25.000,RODOTREM TERCEIRO,60,23.53,232.23
1,CERRADINHO,631107,2024-10-05 21:11:00.000,NOITE,2024-10-05 21:11:23.000,2024-10-05 23:05:26.000,RODOTREM PROPRIO,60,23.53,306.79
1,CERRADINHO,631068,2024-10-05 17:45:00.000,MANHA,2024-10-05 17:46:51.000,2024-10-05 23:10:35.000,RODOTREM PROPRIO,60,63.4,96.34
1,CERRADINHO,631108,2024-10-05 21:19:00.000,NOITE,2024-10-05 21:19:33.000,2024-10-05 23:11:07.000,RODOTREM PROPRIO,60,28.01,291.35
1,CERRADINHO,631112,2024-10-05 21:25:00.000,NOITE,2024-10-05 21:25:41.000,2024-10-05 23:12:08.000,RODOTREM TERCEIRO,60,28.01,375.37
1,CERRADINHO,631110,2024-10-05 21:21:00.000,NOITE,2024-10-05 21:22:56.000,2024-10-05 23:26:43.000,RODOTREM PROPRIO,60,23.53,231.36
1,CERRADINHO,631109,2024-10-05 21:21:00.000,NOITE,2024-10-05 21:22:08.000,2024-10-05 23:32:24.000,RODOTREM PROPRIO,60,32.65,259.73
1,CERRADINHO,631119,2024-10-05 21:49:00.000,NOITE,2024-10-05 21:49:06.000,2024-10-05 23:39:21.000,RODOTREM PROPRIO,60,28.01,374.87
1,CERRADINHO,631118,2024-10-05 21:45:00.000,NOITE,2024-10-05 21:45:33.000,2024-10-05 23:53:20.000,RODOTREM PROPRIO,60,18.76,88.43
1,CERRADINHO,631105,2024-10-05 20:59:00.000,NOITE,2024-10-05 21:00:54.000,2024-10-05 23:55:39.000,RODOTREM TERCEIRO,60,63.4,166.35
1,CERRADINHO,631087,2024-10-05 19:33:00.000,NOITE,2024-10-05 19:33:05.000,2024-10-06 00:04:42.000,RODOTREM PROPRIO,60,45.77,
1,CERRADINHO,631127,2024-10-05 22:27:00.000,NOITE,2024-10-05 22:28:55.000,2024-10-06 00:04:42.000,RODOTREM TERCEIRO,60,28.01,385.49
1,CERRADINHO,631102,2024-10-05 20:39:00.000,NOITE,2024-10-05 20:39:50.000,2024-10-06 00:08:03.000,TRITREM PROPRIO,90,23.84,175.14
1,CERRADINHO,631100,2024-10-05 20:29:00.000,NOITE,2024-10-05 20:30:54.000,2024-10-06 00:13:32.000,RODOTREM PROPRIO,60,18.76,0
1,CERRADINHO,631113,2024-10-05 21:25:00.000,NOITE,2024-10-05 21:26:53.000,2024-10-06 00:15:08.000,TRITREM PROPRIO,90,32.65,260.97
1,CERRADINHO,631094,2024-10-05 19:49:00.000,NOITE,2024-10-05 19:49:28.000,2024-10-06 00:17:08.000,RODOTREM PROPRIO,60,45.77,
1,CERRADINHO,631115,2024-10-05 21:35:00.000,NOITE,2024-10-05 21:36:42.000,2024-10-06 00:19:13.000,RODOTREM PROPRIO,60,23.53,231.48
1,CERRADINHO,631114,2024-10-05 21:33:00.000,NOITE,2024-10-05 21:34:53.000,2024-10-06 00:25:13.000,RODOTREM PROPRIO,60,30.26,
1,CERRADINHO,631120,2024-10-05 21:51:00.000,NOITE,2024-10-05 21:52:00.000,2024-10-06 00:27:09.000,RODOTREM PROPRIO,60,32.65,264.54
1,CERRADINHO,631137,2024-10-05 23:17:00.000,NOITE,2024-10-05 23:17:54.000,2024-10-06 00:28:05.000,RODOTREM PROPRIO,60,9.38,
1,CERRADINHO,631116,2024-10-05 21:41:00.000,NOITE,2024-10-05 21:42:37.000,2024-10-06 00:30:23.000,TRITREM PROPRIO,90,23.84,177.8
1,CERRADINHO,631130,2024-10-05 22:49:00.000,NOITE,2024-10-05 22:49:54.000,2024-10-06 00:32:22.000,TRITREM PROPRIO,90,9.38,
1,CERRADINHO,631111,2024-10-05 21:23:00.000,NOITE,2024-10-05 21:24:00.000,2024-10-06 00:32:39.000,RODOTREM TERCEIRO,60,63.4,124.72
1,CERRADINHO,631128,2024-10-05 22:37:00.000,NOITE,2024-10-05 22:37:47.000,2024-10-06 00:34:17.000,RODOTREM TERCEIRO,60,28.01,385.61
1,CERRADINHO,631122,2024-10-05 22:03:00.000,NOITE,2024-10-05 22:04:28.000,2024-10-06 00:39:12.000,RODOTREM PROPRIO,60,23.53,232.65
1,CERRADINHO,631126,2024-10-05 22:25:00.000,NOITE,2024-10-05 22:25:36.000,2024-10-06 00:41:28.000,RODOTREM PROPRIO,60,18.76,93.7
1,CERRADINHO,631132,2024-10-05 22:57:00.000,NOITE,2024-10-05 22:58:41.000,2024-10-06 01:08:06.000,RODOTREM PROPRIO,60,23.53,237.76
1,CERRADINHO,631121,2024-10-05 22:03:00.000,NOITE,2024-10-05 22:03:51.000,2024-10-06 01:08:22.000,RODOTREM PROPRIO,60,63.4,165.31
1,CERRADINHO,631129,2024-10-05 22:47:00.000,NOITE,2024-10-05 22:47:40.000,2024-10-06 01:14:41.000,RODOTREM PROPRIO,60,28.01,282.72
1,CERRADINHO,631136,2024-10-05 23:15:00.000,NOITE,2024-10-05 23:15:03.000,2024-10-06 01:16:03.000,TRITREM PROPRIO,90,9.38,
1,CERRADINHO,631125,2024-10-05 22:19:00.000,NOITE,2024-10-05 22:20:40.000,2024-10-06 01:23:23.000,TRITREM PROPRIO,90,32.65,264.75
1,CERRADINHO,631143,2024-10-05 23:35:00.000,NOITE,2024-10-05 23:35:04.000,2024-10-06 01:25:44.000,RODOTREM TERCEIRO,60,28.01,390.18
1,CERRADINHO,631139,2024-10-05 23:23:00.000,NOITE,2024-10-05 23:23:58.000,2024-10-06 01:32:45.000,TRITREM PROPRIO,90,23.84,193.64
1,CERRADINHO,631147,2024-10-05 23:51:00.000,NOITE,2024-10-05 23:51:46.000,2024-10-06 01:38:42.000,RODOTREM TERCEIRO,60,28.01,391.52
1,CERRADINHO,631134,2024-10-05 23:01:00.000,NOITE,2024-10-05 23:01:00.000,2024-10-06 01:42:41.000,RODOTREM TERCEIRO,60,32.65,194.11
1,CERRADINHO,631135,2024-10-05 23:07:00.000,NOITE,2024-10-05 23:08:31.000,2024-10-06 01:45:33.000,TRITREM PROPRIO,90,23.84,190.59
1,CERRADINHO,631144,2024-10-05 23:41:00.000,NOITE,2024-10-05 23:41:17.000,2024-10-06 01:46:18.000,RODOTREM PROPRIO,60,28.01,392.01
1,CERRADINHO,631142,2024-10-05 23:33:00.000,NOITE,2024-10-05 23:34:51.000,2024-10-06 01:51:11.000,RODOTREM PROPRIO,60,23.53,237.32
1,CERRADINHO,631124,2024-10-05 22:17:00.000,NOITE,2024-10-05 22:18:38.000,2024-10-06 02:01:49.000,RODOTREM PROPRIO,60,45.77,
1,CERRADINHO,631123,2024-10-05 22:11:00.000,NOITE,2024-10-05 22:12:25.000,2024-10-06 02:03:45.000,RODOTREM TERCEIRO,60,63.4,158.83
1,CERRADINHO,631146,2024-10-05 23:47:00.000,NOITE,2024-10-05 23:48:35.000,2024-10-06 02:15:10.000,RODOTREM PROPRIO,60,18.76,129.6
1,CERRADINHO,631141,2024-10-05 23:27:00.000,NOITE,2024-10-05 23:28:56.000,2024-10-06 02:17:23.000,TRITREM PROPRIO,90,30.26,
1,CERRADINHO,631145,2024-10-05 23:45:00.000,NOITE,2024-10-05 23:46:32.000,2024-10-06 02:30:49.000,RODOTREM TERCEIRO,60,23.53,237.28
1,CERRADINHO,631140,2024-10-05 23:27:00.000,NOITE,2024-10-05 23:28:01.000,2024-10-06 02:32:56.000,RODOTREM PROPRIO,60,32.65,333.88
1,CERRADINHO,630992,2024-10-05 13:17:00.000,MANHA,2024-10-05 13:17:37.000,2024-10-06 03:09:58.000,RODOTREM PROPRIO,60,28.01,256.08
1,CERRADINHO,631131,2024-10-05 22:55:00.000,NOITE,2024-10-05 22:55:56.000,2024-10-06 03:13:04.000,RODOTREM TERCEIRO,60,63.4,124.86
1,CERRADINHO,631138,2024-10-05 23:19:00.000,NOITE,2024-10-05 23:19:38.000,2024-10-06 03:48:01.000,RODOTREM PROPRIO,60,45.77,
1,CERRADINHO,631148,2024-10-05 23:55:00.000,NOITE,2024-10-05 23:55:56.000,2024-10-06 04:37:52.000,RODOTREM PROPRIO,60,45.77,
1,CERRADINHO,631133,2024-10-05 22:59:00.000,NOITE,2024-10-05 22:59:08.000,2024-10-06 10:55:05.000,RODOTREM TERCEIRO,60,28.01,386.89
1,CERRADINHO,630885,2024-10-05 03:45:00.000,NOITE,2024-10-05 03:45:54.000,,RODOTREM PROPRIO,60,18.76,36.86
1,CERRADINHO,630943,2024-10-05 09:23:00.000,MANHA,2024-10-05 09:23:44.000,,RODOTREM PROPRIO,60,32.65,174.24
1,CERRADINHO,630917,2024-10-05 06:35:00.000,MANHA,2024-10-05 06:35:26.000,,RODOTREM PROPRIO,60,78.42,
